message_text,is_scam
Your library book is due next Monday.,0
The workshop registration is confirmed.,0
The college bus leaves at 8 AM tomorrow. Thank you.,0
Your WhatsApp verification code is required. Send the OTP to support.,1
The placement training session starts at 2 PM.,0
Your electricity connection will be disconnected tonight. Pay the pending bill now. Do not delay.,1
Your SIM will be deactivated within 2 hours. Verify Aadhaar now.,1
ನಿಮ್ಮ ಪಾವತಿ ಯಶಸ್ವಿಯಾಗಿ ಪೂರ್ಣಗೊಂಡಿದೆ. Thank you.,0
Bank refund initiated. Click the link and enter your UPI PIN.,1
Government scholarship approved. Pay the document verification fee to receive the amount. Do this immediately.,1
Your friend sent you money. Enter your UPI PIN to accept it.,1
"Classroom has been changed to Block B, Room 204.",0
Please bring two notebooks when you come home.,0
ಅಸೈನ್‌ಮೆಂಟ್ ಅನ್ನು ಶುಕ್ರವಾರದೊಳಗೆ ಸಲ್ಲಿಸಿ. Please confirm.,0
Your online banking password has expired. Confirm your password through this link. Verify now.,1
Your electricity connection will be disconnected tonight. Pay the pending bill now. Act now.,1
Special investment opportunity: Double your money in 7 days.,1
Your credit card reward points expire today. Click here to redeem them. Do not delay.,1
Your attendance report is available online.,0
Your bank statement is ready. Download this suspicious attachment.,1
URGENT: Your bank account will be blocked. Call this number now.,1
Your salary has been credited to your account.,0
Your food order has been delivered. Thank you.,0
Can you send me the project presentation? See you then.,0
Police notice: legal action has been initiated against your number. Contact us immediately. Do not delay.,1
Your library book is due next Monday. Please use the official app to check.,0
Immediate action required: your account login will be disabled.,1
Your credit card payment is due on the 25th.,0
I reached college safely. I will call after class. Let me know when you are free.,0
आपका टिकट सफलतापूर्वक बुक हो गया है।,0
Your mobile recharge was successful. Thank you.,0
Your parcel has reached the local delivery center.,0
Your account will be closed unless you complete KYC within one hour.,1
Your parcel is held at customs. Pay the clearance charge to receive delivery. Complete this within one hour.,1
Your order is ready for pickup at the store.,0
Please send me the notes from today's class. Please check.,0
Your recharge was successful.,0
The college bus leaves at 8 AM tomorrow.,0
Your internship interview is scheduled for Wednesday. Please check.,0
Your courier address is incorrect. Update it immediately using this link. Complete this within one hour.,1
Your SIM card will be deactivated. Complete KYC using this link. Failure to act may block the service.,1
Your bank has detected fraud. Tell us the OTP to secure your account.,1
I reached college safely. I will call after class. See you then.,0
Your mobile recharge was successful. Please confirm.,0
Your Netflix account payment failed. Update card details now.,1
Please check your college email for the notice.,0
आपकी अपॉइंटमेंट मंगलवार सुबह 11 बजे है।,0
"Meeting shifted to 4pm tomorrow, please confirm.",0
Court summons issued against you. Contact this number immediately.,1
The college bus leaves at 8 AM tomorrow. Let me know when you are free.,0
Your UPI refund is waiting. Approve the payment request to receive the money. Complete this within one hour.,1
Your debit card has been used suspiciously. Share the OTP to block the transaction. Do not delay.,1
Urgent: suspicious transaction detected. Click to secure your account.,1
Your electricity bill is due on the 20th. Please check.,0
Your internship interview is scheduled for Wednesday. Please check. Please use the official app to check.,0
"Congratulations! You have won ₹75,000. Pay the processing fee to claim your prize. Do not delay.",1
Your electricity connection will be disconnected tonight. Pay the pending bill now. Complete this within one hour.,1
Your debit card delivery is scheduled for Friday.,0
The movie starts at 7:30 PM.,0
Your account balance was updated after the transaction.,0
Your insurance policy is eligible for a bonus. Click to claim.,1
The principal will address students at noon.,0
URGENT: Your bank account will be suspended today. Verify your details immediately. Complete this within one hour.,1
Your UPI payment of ₹250 was successful. See you then.,0
Your payment receipt is available in the official app. See you then.,0
Security warning: install this app to protect your bank account.,1
Your UPI payment of ₹250 was successful. Please check.,0
Your library book is due next Monday. Thank you.,0
Your debit card has been used in another city. Call this number now.,1
Your income tax refund is pending. Enter your bank details to receive it. Failure to act may block the service.,1
URGENT: Your bank account will be suspended today. Verify your details immediately. Failure to act may block the service.,1
Your parcel is on hold. Pay Rs 25 delivery fee using this link.,1
Your payment receipt is available in the official app. Please check.,0
"ಮನೆಯಿಂದ ಕೆಲಸ ಮಾಡಿ ದಿನಕ್ಕೆ ₹5,000 ಗಳಿಸಿ. ಮೊದಲು ನೋಂದಣಿ ಶುಲ್ಕ ಪಾವತಿಸಿ. Do not delay.",1
Your order has been shipped and will arrive tomorrow. Please check.,0
ಇಂದಿನ ಕ್ಲಾಸ್‌ನ ನೋಟ್ಸ್ ಕಳುಹಿಸಬಹುದಾ? Please check.,0
"बधाई हो! आपने ₹50,000 की लॉटरी जीती है। इनाम लेने के लिए शुल्क जमा करें। Act now.",1
ನಿಮ್ಮ UPI ಖಾತೆ ಲಾಕ್ ಆಗಲಿದೆ. OTP ಕಳುಹಿಸಿ ಪರಿಶೀಲನೆ ಪೂರ್ಣಗೊಳಿಸಿ. Failure to act may block the service.,1
The project meeting has been moved to Monday. Thank you.,0
Please remember to bring your ID card tomorrow. Please confirm.,0
Your Aadhaar verification failed. Share the OTP to complete verification. Failure to act may block the service.,1
Your appointment is confirmed for tomorrow at 11 AM. Please confirm.,0
Your payment receipt is available in the official app. Let me know when you are free.,0
Your Aadhaar verification failed. Share the OTP to complete verification. Do this immediately.,1
Job offer confirmed. Send Aadhaar and bank details to complete joining.,1
Your PAN card is suspended. Click to update your information.,1
I have reached the library.,0
Police notice: legal action has been initiated against your number. Contact us immediately. Do not delay. Please use the official app to check.,1
Your UPI refund is waiting. Approve the payment request to receive the money. Failure to act may block the service.,1
You have been shortlisted for a work-from-home job. Pay the registration fee to start. Act now.,1
You have been shortlisted for a work-from-home job. Pay the registration fee to start. Do this immediately.,1
Can you send me the project presentation? Please confirm.,0
Your online shopping refund failed. Enter card details again.,1
"तुरंत अपना KYC अपडेट करें, वरना आपका बैंक खाता बंद हो जाएगा। लिंक पर क्लिक करें। Act now.",1
Your electricity connection will be disconnected tonight. Pay the pending bill now. Do this immediately.,1
Your KYC has expired. Click the verification link to keep your account active. Failure to act may block the service.,1
आपका UPI बंद होने वाला है। अभी OTP भेजकर सत्यापन पूरा करें। Act now.,1
Your bank account has suspicious activity. Share OTP immediately.,1
Your salary has been credited to your account. Let me know when you are free.,0
You have been selected for an investment bonus. Deposit money to activate.,1
Your account has been flagged. Share OTP for security verification.,1
Your UPI account is locked. Enter your PIN to reactivate it. Failure to act may block the service.,1
The assignment deadline has been extended by two days. Let me know when you are free.,0
You have been shortlisted for a work-from-home job. Pay the registration fee to start. Complete this within one hour.,1
Your mobile wallet has won a reward. Verify your account now.,1
The project meeting has been moved to Monday. See you then.,0
The workshop registration is confirmed. Please use the official app to check.,0
"Congratulations! You have won ₹75,000. Pay the processing fee to claim your prize. Complete this within one hour.",1
Police notice: legal action has been initiated against your number. Contact us immediately. Failure to act may block the service.,1
Your library book is due next Monday. Please confirm.,0
I am waiting outside the library.,0
Your library book is due next Monday. See you then.,0
Your hotel reservation is confirmed for Saturday.,0
The project meeting has been moved to Monday. See you then. Please use the official app to check.,0
"Earn ₹5,000 daily by completing online tasks. Deposit money to activate your account. Complete this within one hour.",1
Government scholarship approved. Pay the document verification fee to receive the amount. Verify now.,1
ನಿಮ್ಮ UPI ಖಾತೆ ಲಾಕ್ ಆಗಲಿದೆ. OTP ಕಳುಹಿಸಿ ಪರಿಶೀಲನೆ ಪೂರ್ಣಗೊಳಿಸಿ. Failure to act may block the service. Please use the official app to check.,1
Your electricity bill payment was successful.,0
The workshop registration is confirmed. See you then.,0
Your library book is due next Monday. Thank you. Please use the official app to check.,0
The hostel maintenance work is scheduled for tomorrow.,0
"Congratulations, you are eligible for a Rs 2 lakh personal loan. Pay processing fee.",1
Your courier address is incorrect. Update it immediately using this link. Verify now.,1
Your payment receipt is available in the official app. Thank you.,0
I'll meet you near the college gate at 5.,0
The package was delivered to your address.,0
I will meet you near the college gate at 5 PM. See you then.,0
Your debit card has been used suspiciously. Share the OTP to block the transaction. Failure to act may block the service.,1
Your UPI payment of ₹250 was successful. Let me know when you are free.,0
Can you send me the project presentation? See you then. Please use the official app to check.,0
Your parcel delivery failed. Confirm your address and card details.,1
Please check the college portal for the exam timetable. Let me know when you are free.,0
Please carry a pen and notebook for the test.,0
Please check the group chat for today's meeting link.,0
ನಿಮ್ಮ ಆರ್ಡರ್ ನಾಳೆ ಡೆಲಿವರಿ ಆಗಲಿದೆ. See you then.,0
The college holiday notice has been posted.,0
Your loan application needs a refundable security deposit.,1
Your electricity subsidy will expire today. Verify bank details.,1
"Earn ₹5,000 daily by completing online tasks. Deposit money to activate your account. Do not delay.",1
Congratulations! You are today's lucky customer. Claim your cash reward.,1
Job vacancy: Earn Rs 5000 daily from home. Pay Rs 999 joining fee.,1
"तुरंत अपना KYC अपडेट करें, वरना आपका बैंक खाता बंद हो जाएगा। लिंक पर क्लिक करें। Act now. Please use the official app to check.",1
The refund has been processed and will appear in your account soon.,0
Congratulations! You won a smartphone. Pay courier charges now.,1
"मैं कॉलेज पहुंच गई हूं, क्लास के बाद फोन करूंगी।",0
Your train ticket booking is confirmed.,0
Your parcel is held at customs. Pay the clearance charge to receive delivery. Failure to act may block the service.,1
Your electricity bill is due on the 20th. Please check. Please use the official app to check.,0
Your parcel could not be delivered. Pay the pending amount now.,1
Your KYC will expire today. Update immediately: bit.ly/xyz123,1
"मैं कॉलेज पहुंच गई हूं, क्लास के बाद फोन करूंगी। Please use the official app to check.",0
I reached college safely. I will call after class. Please check.,0
Your WhatsApp account will be blocked. Verify your account immediately. Complete this within one hour.,1
Your parcel is held at customs. Pay the clearance charge to receive delivery. Do not delay.,1
The project meeting has been moved to Monday. Please confirm.,0
Your online banking password has expired. Confirm your password through this link. Failure to act may block the service.,1
Your courier address is incorrect. Update it immediately here.,1
The college bus leaves at 8 AM tomorrow. See you then.,0
Your monthly salary has been credited to your account.,0
Your PAN-Aadhaar link has failed. Click to fix it immediately.,1
You are eligible for a ₹3 lakh instant loan. Pay the verification fee first. Complete this within one hour.,1
Your Aadhaar verification failed. Share the OTP to complete verification. Do this immediately. Please use the official app to check.,1
Your credit card reward points expire today. Click to redeem.,1
Please remember to bring your ID card tomorrow.,0
Your UPI refund is waiting. Approve the payment request to receive the money. Do not delay.,1
Your library membership has been renewed.,0
ನಿಮ್ಮ ಪಾರ್ಸೆಲ್ ಕಸ್ಟಮ್ಸ್‌ನಲ್ಲಿ ನಿಂತಿದೆ. ಡೆಲಿವರಿಗಾಗಿ ಶುಲ್ಕ ಪಾವತಿಸಿ. Do this immediately.,1
Government scholarship approved. Pay the document verification fee to receive the amount. Failure to act may block the service.,1
Your internship interview is scheduled for Wednesday. Thank you.,0
आपका पार्सल कस्टम में रुका है। डिलीवरी के लिए शुल्क भरें। Act now.,1
Your courier address is incorrect. Update it immediately using this link. Failure to act may block the service.,1
Your credit card reward points expire today. Click here to redeem them. Complete this within one hour.,1
Please send me the notes from today's class. Please confirm.,0
Your courier address is incorrect. Update it immediately using this link. Failure to act may block the service. Please use the official app to check.,1
Your login was successful from your registered device.,0
UPI cashback waiting. Scan this QR code to receive money.,1
Your parcel has reached the local delivery center. Thank you.,0
Government scholarship approved. Pay processing fee to release funds.,1
Your credit card cashback is waiting. Enter CVV to receive it.,1
आपका पार्सल कस्टम में रुका है। डिलीवरी के लिए शुल्क भरें। Act now. Please use the official app to check.,1
"Dad, I'm leaving college now. I'll be home by 6.",0
"ಮನೆಯಿಂದ ಕೆಲಸ ಮಾಡಿ ದಿನಕ್ಕೆ ₹5,000 ಗಳಿಸಿ. ಮೊದಲು ನೋಂದಣಿ ಶುಲ್ಕ ಪಾವತಿಸಿ. Do not delay. Please use the official app to check.",1
The teacher uploaded the assignment instructions.,0
Your order has been shipped and will arrive tomorrow.,0
Your UPI payment of ₹250 was successful. Let me know when you are free. Please use the official app to check.,0
Your UPI account is locked. Enter your PIN to reactivate it. Complete this within one hour.,1
Your KYC has expired. Click the verification link to keep your account active. Do not delay.,1
Your salary has been credited to your account. Please confirm.,0
Your online banking password has expired. Confirm your password through this link. Failure to act may block the service. Please use the official app to check.,1
You are eligible for a ₹3 lakh instant loan. Pay the verification fee first. Do this immediately.,1
Your electricity bill is due on the 20th. Please confirm.,0
Please check the college portal for the exam timetable. Thank you.,0
Your bank card expires today. Verify card details to renew it.,1
"Congratulations! You have won ₹75,000. Pay the processing fee to claim your prize. Verify now.",1
Please send me the notes from today's class. Thank you.,0
Your WhatsApp account will be blocked. Verify your account immediately. Do not delay.,1
I will meet you near the college gate at 5 PM. Let me know when you are free.,0
Your courier address is incorrect. Update it immediately using this link. Do not delay.,1
"कल की मीटिंग शाम 4 बजे है, कृपया समय पर आना।",0
Your mobile recharge of Rs 299 was successful.,0
Can you share the project presentation with me?,0
Please send me the notes from today's class. See you then.,0
The college bus leaves at 8 AM tomorrow. Please check.,0
The campus Wi-Fi password has been updated.,0
Your insurance bonus is ready. Click here and enter your card details. Complete this within one hour.,1
Your income tax refund is pending. Enter your bank details to receive it. Verify now.,1
Your mobile recharge refund failed. Enter your UPI PIN for a refund. Do this immediately.,1
You are eligible for a ₹3 lakh instant loan. Pay the verification fee first. Do not delay.,1
Government scholarship approved. Pay the document verification fee to receive the amount. Verify now. Please use the official app to check.,1
Your parcel has reached the local delivery center. Please use the official app to check.,0
Your appointment is confirmed for tomorrow at 11 AM.,0
The college seminar starts at 10 AM in the auditorium. Please confirm.,0
Your hotel reservation is confirmed for Saturday. Let me know when you are free.,0
Please call me when you reach home.,0
Your registration for the college fest is confirmed.,0
Your internship interview is scheduled for Wednesday.,0
Suspicious transaction detected. Call this number immediately to secure your bank account. Do not delay.,1
You have been selected for a work from home job. Pay registration fee.,1
आज के लेक्चर के नोट्स भेज देना।,0
"You've received Rs 10,000 cashback. Verify your bank details now.",1
Your appointment reminder is for tomorrow morning.,0
Your appointment is confirmed for tomorrow at 11 AM. Thank you.,0
Your SIM upgrade is ready. Share OTP with our executive.,1
You have won a lucky draw. Send your bank details for prize transfer. Do this immediately.,1
आपका बिजली कनेक्शन आज काट दिया जाएगा। तुरंत भुगतान करें। Act now.,1
Your hotel reservation is confirmed for Saturday. Please confirm.,0
Your mobile recharge refund failed. Enter your UPI PIN for a refund. Failure to act may block the service.,1
You have been shortlisted for a work-from-home job. Pay the registration fee to start. Failure to act may block the service.,1
Your courier contains an illegal item. Call this officer immediately.,1
Your online banking password has expired. Confirm your password through this link. Do not delay.,1
Your Google account has been compromised. Verify your password here.,1
Please check the college portal for the exam timetable. Let me know when you are free. Please use the official app to check.,0
Your UPI refund is waiting. Approve the payment request to receive the money. Failure to act may block the service. Please use the official app to check.,1
Your train ticket booking is confirmed. Please check.,0
The college bus leaves at 8 AM tomorrow. Please confirm.,0
Your account has been selected for a premium reward. Click to activate.,1
Your internship interview is scheduled for Wednesday. See you then.,0
Your Aadhaar verification failed. Share the OTP to complete verification. Verify now.,1
Your train ticket booking is confirmed. Please confirm.,0
Your insurance bonus is ready. Click here and enter your card details. Do this immediately.,1
आपकी अपॉइंटमेंट मंगलवार सुबह 11 बजे है। Please use the official app to check.,0
"Congratulations! You have won ₹75,000. Pay the processing fee to claim your prize. Verify now. Please use the official app to check.",1
Your UPI payment of ₹250 was successful. Please check. Please use the official app to check.,0
The bus is running ten minutes late today.,0
Dinner is ready. Come home when you can.,0
Your electricity connection will be disconnected tonight. Pay the pending bill now. Verify now.,1
The workshop registration is confirmed. Please check.,0
Your mobile recharge was successful. Thank you. Please use the official app to check.,0
The project deadline has been extended by two days.,0
Your loan is approved. Pay Rs 1500 verification charge to receive it.,1
Your food order has been delivered.,0
Refund approved. Enter your UPI PIN to receive money.,1
Please confirm if you are attending the workshop.,0
कृपया असाइनमेंट शुक्रवार तक जमा कर दें।,0
You are eligible for a special credit limit. Pay activation fee.,1
Your electricity bill has an overdue amount. Pay through this link.,1
"Earn ₹5,000 daily by completing online tasks. Deposit money to activate your account. Verify now.",1
Your mobile recharge refund failed. Enter your UPI PIN for a refund. Act now.,1
Police complaint registered against your mobile number. Call urgently.,1
Government scholarship approved. Pay the document verification fee to receive the amount. Complete this within one hour.,1
ನಿಮ್ಮ ವಿದ್ಯುತ್ ಸಂಪರ್ಕ ಇಂದು ಕಡಿತಗೊಳ್ಳಲಿದೆ. ತಕ್ಷಣ ಬಿಲ್ ಪಾವತಿಸಿ. Verify now.,1
Your KYC has expired. Click the verification link to keep your account active. Complete this within one hour.,1
Your payment receipt is available in the official app. Please check. Please use the official app to check.,0
The team meeting is scheduled for Saturday.,0
Police notice: legal action has been initiated against your number. Contact us immediately. Act now.,1
The college seminar starts at 10 AM in the auditorium.,0
"Earn ₹5,000 daily by completing online tasks. Deposit money to activate your account. Do this immediately.",1
Police cyber cell alert: respond to this message immediately.,1
Your internship certificate is ready for collection.,0
"Congratulations! You have won ₹75,000. Pay the processing fee to claim your prize. Do this immediately.",1
Your WhatsApp account will be blocked. Verify your account immediately. Failure to act may block the service.,1
Your Aadhaar verification failed. Share the OTP to complete verification. Complete this within one hour.,1
Your electricity connection will be disconnected today. Pay now.,1
You have been shortlisted for a job. Pay interview security deposit.,1
Your debit card has been used suspiciously. Share the OTP to block the transaction. Do not delay. Please use the official app to check.,1
Your appointment is confirmed for tomorrow at 11 AM. Please confirm. Please use the official app to check.,0
Your parcel has reached the local delivery center. Please confirm.,0
Your FASTag is inactive. Complete KYC through this link.,1
You won Rs 1 lakh in an online contest. Pay tax to claim your prize.,1
Your order has been shipped and will arrive tomorrow. Please check. Please use the official app to check.,0
Your salary has been credited to your account. Thank you.,0
"Dear customer, your UPI PIN needs re-verification. Click here.",1
ಅಸೈನ್‌ಮೆಂಟ್ ಅನ್ನು ಶುಕ್ರವಾರದೊಳಗೆ ಸಲ್ಲಿಸಿ. Please confirm. Please use the official app to check.,0
The assignment deadline has been extended by two days. Please confirm.,0
Your credit card reward points expire today. Click here to redeem them. Do not delay. Please use the official app to check.,1
Your train ticket booking is confirmed. Thank you.,0
Your insurance bonus is ready. Click here and enter your card details. Do not delay.,1
Your courier address is incorrect. Update it immediately using this link. Verify now. Please use the official app to check.,1
Your WhatsApp account will be banned. Click this link to verify.,1
The teacher uploaded the assignment instructions. Let me know when you are free.,0
Suspicious transaction detected. Call this number immediately to secure your bank account. Complete this within one hour.,1
Account alert: unusual login detected. Confirm your password now.,1
URGENT: Your bank account will be suspended today. Verify your details immediately. Do this immediately.,1
Congratulations! Your number won a cash prize. Claim within 30 minutes.,1
Your order has been cancelled as requested.,0
Your credit card reward points expire today. Click here to redeem them. Verify now.,1
The teacher uploaded the assignment instructions. Let me know when you are free. Please use the official app to check.,0
Your exam hall ticket is available on the college portal.,0
Your library book is due next Monday. Let me know when you are free.,0
ನಿಮ್ಮ ವಿದ್ಯುತ್ ಸಂಪರ್ಕ ಇಂದು ಕಡಿತಗೊಳ್ಳಲಿದೆ. ತಕ್ಷಣ ಬಿಲ್ ಪಾವತಿಸಿ. Verify now. Please use the official app to check.,1
Your mobile plan has been renewed.,0
ನಾನು ಕಾಲೇಜಿಗೆ ಸುರಕ್ಷಿತವಾಗಿ ಬಂದಿದ್ದೇನೆ. ಕ್ಲಾಸ್ ನಂತರ ಕರೆ ಮಾಡುತ್ತೇನೆ.,0
Please send me the notes from today's class. See you then. Please use the official app to check.,0
Your UPI payment of ₹250 was successful. Thank you.,0
Your parcel is held by customs. Pay clearance charges immediately.,1
Your online banking password has expired. Confirm your password through this link. Do this immediately.,1
Your monthly statement is available in your banking app.,0
You won a festival gift voucher. Pay ₹99 to unlock your reward. Do this immediately.,1
Please send me the document before lunch.,0
The payment receipt was sent to your registered email.,0
Your attendance has been updated in the student portal.,0
Your appointment is confirmed for tomorrow at 11 AM. Please check.,0
"Earn ₹5,000 daily by completing online tasks. Deposit money to activate your account. Failure to act may block the service.",1
कॉलेज बस सुबह 8 बजे निकलेगी।,0
Your UPI account is locked. Enter your PIN to reactivate it. Verify now.,1
"Hi amma, I reached college safely, will call after class.",0
You are eligible for a ₹3 lakh instant loan. Pay the verification fee first. Act now.,1
You have received a UPI collect request. Approve it to receive money.,1
I will meet you near the college gate at 5 PM. See you then. Please use the official app to check.,0
The college seminar starts at 10 AM in the auditorium. Thank you.,0
Happy birthday! Hope you have a great day.,0
"तुरंत अपना KYC अपडेट करें, वरना आपका बैंक खाता बंद हो जाएगा। लिंक पर क्लिक करें। Act now. Check the message carefully.",1
The project meeting has been moved to Monday. Thank you. Please use the official app to check.,0
I reached college safely. I will call after class. Thank you.,0
Your parcel is held at customs. Pay the clearance charge to receive delivery. Verify now.,1
Your electricity connection will be disconnected tonight. Pay the pending bill now. Failure to act may block the service.,1
Your insurance bonus is ready. Click here and enter your card details. Failure to act may block the service.,1
Your income tax refund is pending. Enter your bank details to receive it. Complete this within one hour.,1
Your order has been shipped and will arrive tomorrow. See you then.,0
Your ATM card will be blocked. Share OTP to reactivate it.,1
Your insurance bonus is ready. Click here and enter your card details. Complete this within one hour. Please use the official app to check.,1
You have an unpaid traffic fine. Pay today to avoid legal action.,1
I'll send the files after I finish the assignment.,0
Your WhatsApp account will be blocked. Verify your account immediately. Do this immediately.,1
Your WhatsApp account will be blocked. Verify your account immediately. Verify now.,1
Please check the college portal for the exam timetable. See you then.,0
Your bank account needs immediate PAN verification. Click here.,1
Your appointment is confirmed for Tuesday at 11 AM.,0
Suspicious transaction detected. Call this number immediately to secure your bank account. Verify now.,1
URGENT: Your bank account will be suspended today. Verify your details immediately. Act now.,1
Your credit card reward points expire today. Click here to redeem them. Failure to act may block the service.,1
Your hotel reservation is confirmed for Saturday. Please check.,0
Your mobile recharge refund failed. Enter your UPI PIN for a refund. Verify now.,1
Your parcel will arrive between 2 PM and 5 PM.,0
Your income tax refund is pending. Enter your bank details to receive it. Do not delay.,1
Your parcel has reached the local delivery center. See you then.,0
Your electricity bill is due on the 20th. See you then.,0
Bank security alert: send OTP to confirm this transaction.,1
I reached college safely. I will call after class.,0
Your parcel is held at customs. Pay the clearance charge to receive delivery. Do this immediately.,1
Your online class starts at 9 AM.,0
Your KYC has expired. Click the verification link to keep your account active. Do this immediately.,1
Your grocery order is ready for pickup.,0
Your mobile recharge was successful. See you then.,0
Please remember to bring your ID card tomorrow. Let me know when you are free.,0
The payment of Rs 500 was received successfully.,0
Your mobile recharge was successful. Please confirm. Please use the official app to check.,0
"घर बैठे ₹5,000 रोज कमाएं। नौकरी शुरू करने के लिए पहले रजिस्ट्रेशन फीस दें। Act now.",1
Your courier address is incorrect. Update it immediately using this link. Do this immediately.,1
The assignment deadline has been extended by two days. Please check.,0
Your doctor appointment is scheduled for 5 PM.,0
The college seminar starts at 10 AM in the auditorium. Let me know when you are free.,0
You have a pending refund. Send your UPI PIN for confirmation.,1
Please bring your laptop for the project meeting.,0
Your SIM card will be deactivated. Complete KYC using this link. Complete this within one hour.,1
आज के लेक्चर के नोट्स भेज देना। Please use the official app to check.,0
Earn money from home by completing simple tasks. Deposit first.,1
आपका UPI बंद होने वाला है। अभी OTP भेजकर सत्यापन पूरा करें। Act now. Please use the official app to check.,1
URGENT: Your bank account will be suspended today. Verify your details immediately. Verify now.,1
Police notice: legal action has been initiated against your number. Contact us immediately. Complete this within one hour.,1
The college seminar starts at 10 AM in the auditorium. Please check.,0
The meeting has been postponed to Monday.,0
The seminar room has changed to the auditorium.,0
Please bring the ID cards for tomorrow's event.,0
"ಅಭಿನಂದನೆಗಳು! ನೀವು ₹50,000 ಲಾಟರಿ ಗೆದ್ದಿದ್ದೀರಿ. ಬಹುಮಾನ ಪಡೆಯಲು ಶುಲ್ಕ ಪಾವತಿಸಿ. Complete this within one hour.",1
"Earn ₹5,000 daily by completing online tasks. Deposit money to activate your account. Act now.",1
Your salary has been credited to your account. See you then.,0
Please remember to bring your ID card tomorrow. Thank you.,0
Please send me the notes from today's class. Let me know when you are free.,0
The teacher uploaded the assignment instructions. Thank you.,0
Your order has been shipped and will arrive tomorrow. Thank you.,0
Suspicious transaction detected. Call this number immediately to secure your bank account. Failure to act may block the service.,1
I reached the bus stop. Where are you?,0
कॉलेज बस सुबह 8 बजे निकलेगी। Please use the official app to check.,0
Your debit card has been used suspiciously. Share the OTP to block the transaction. Do this immediately.,1
You won a festival gift voucher. Pay ₹99 to unlock your reward. Act now.,1
Your credit card has earned bonus points. Click to redeem before expiry.,1
Your online banking password has expired. Confirm your password through this link. Verify now. Please use the official app to check.,1
Please remember to carry your ID card tomorrow.,0
Your parcel has reached the local delivery center. Please check.,0
Police notice: legal action has been initiated against your number. Contact us immediately. Verify now.,1
I will meet you near the college gate at 5 PM. Please check.,0
आपका ऑर्डर कल डिलीवर होगा।,0
Your UPI refund is waiting. Approve the payment request to receive the money. Complete this within one hour. Please use the official app to check.,1
Your internship interview is scheduled for Wednesday. See you then. Please use the official app to check.,0
The college seminar starts at 10 AM in the auditorium. Please confirm. Please use the official app to check.,0
Your Aadhaar verification failed. Share the OTP to complete verification. Do not delay.,1
Your electricity bill is due on the 20th. Let me know when you are free.,0
Your online banking password has expired. Confirm your password through this link. Act now.,1
Your hotel reservation is confirmed for Saturday. See you then.,0
Please remember to bring your ID card tomorrow. See you then.,0
The college bus leaves at 8 AM tomorrow. Thank you. Please use the official app to check.,0
The college seminar starts at 10 AM tomorrow.,0
The result will be published on the official portal.,0
Can you send me the project presentation? Thank you.,0
Please check the college portal for the exam timetable.,0
आपका ऑर्डर कल डिलीवर होगा। Please use the official app to check.,0
Your debit card has been used suspiciously. Share the OTP to block the transaction. Do this immediately. Please use the official app to check.,1
Your SIM card will be deactivated. Complete KYC using this link. Do not delay.,1
The teacher uploaded the assignment instructions. Please use the official app to check.,0
Please remember to bring your ID card tomorrow. Please confirm. Please use the official app to check.,0
Your UPI account is locked. Enter your PIN to reactivate it. Complete this within one hour. Please use the official app to check.,1
"ತಕ್ಷಣ KYC ಅಪ್‌ಡೇಟ್ ಮಾಡಿ, ಇಲ್ಲವಾದರೆ ನಿಮ್ಮ ಬ್ಯಾಂಕ್ ಖಾತೆ ಬಂದ್ ಆಗುತ್ತದೆ. Act now.",1
The teacher uploaded the assignment instructions. Please check.,0
The bank branch will remain closed on Sunday.,0
You won a festival gift voucher. Pay ₹99 to unlock your reward. Complete this within one hour.,1
Your flight booking has been confirmed.,0
Your food order has been delivered. See you then.,0
Please send the final version of the PPT.,0
Your parcel has reached the local delivery center. Let me know when you are free.,0
Your UPI account is locked. Enter your PIN to reactivate it. Act now.,1
Your parcel is held at customs. Pay the clearance charge to receive delivery. Failure to act may block the service. Please use the official app to check.,1
Your bank statement for July is available in the official banking app.,0
Please submit the assignment before Friday.,0
The assignment deadline has been extended by two days. See you then.,0
You have won a lucky draw. Send your bank details for prize transfer. Failure to act may block the service.,1
इनकम टैक्स रिफंड पाने के लिए बैंक की जानकारी इस लिंक पर भरें। Act now.,1
Government scholarship approved. Pay the document verification fee to receive the amount. Do not delay.,1
Please check the college portal for the exam timetable. Please check.,0
I reached college safely. I will call after class. Please confirm.,0
Your mobile recharge refund failed. Enter your UPI PIN for a refund. Complete this within one hour.,1
Your college fee receipt is available on the student portal.,0
The college bus leaves at 8 AM tomorrow. See you then. Please use the official app to check.,0
You have been shortlisted for a work-from-home job. Pay the registration fee to start. Verify now.,1
Please send me the notes from today's class. Thank you. Please use the official app to check.,0
Urgent bank alert: verify your debit card number and CVV.,1
Reminder: Your electricity bill is due on the 20th.,0
Your library book is due next Monday. Please confirm. Please use the official app to check.,0
The workshop registration is confirmed. Please confirm.,0
Your UPI payment of Rs 250 was successful.,0
Your mobile recharge was successful. Please check.,0
Your mobile recharge refund is pending. Enter UPI PIN to receive it.,1
The payment was declined. Please try again later.,0
Your UPI account is locked. Send OTP for unlocking.,1
Your UPI account is locked. Enter your PIN to reactivate it. Do this immediately.,1
Earn Rs 7000 daily through online trading. Guaranteed returns.,1
You won a festival gift voucher. Pay ₹99 to unlock your reward. Do not delay.,1
The assignment submission portal closes at midnight.,0
You have won a lucky draw. Send your bank details for prize transfer. Do not delay.,1
Your subscription has been renewed successfully.,0
You won a new iPhone. Pay shipping charges to receive it.,1
Your UPI ID will be disabled. Verify immediately using this link.,1
Earn Rs 3000 per day by liking videos. Pay Rs 500 to activate account.,1
Your ticket has been booked successfully.,0
The college bus will leave at 8 AM.,0
Your Aadhaar verification failed. Share the OTP to complete verification. Do not delay. Please use the official app to check.,1
The assignment deadline has been extended by two days. Thank you.,0
Can you send me the project presentation? Let me know when you are free.,0
"ಅಭಿನಂದನೆಗಳು! ನೀವು ₹50,000 ಲಾಟರಿ ಗೆದ್ದಿದ್ದೀರಿ. ಬಹುಮಾನ ಪಡೆಯಲು ಶುಲ್ಕ ಪಾವತಿಸಿ. Complete this within one hour. Please use the official app to check.",1
The workshop registration is confirmed. Let me know when you are free.,0
Your online banking access expires today. Login through this link.,1
Your bank account will be frozen tonight unless you verify KYC.,1
आपका बिजली कनेक्शन आज काट दिया जाएगा। तुरंत भुगतान करें। Act now. Please use the official app to check.,1
Please remember to bring your ID card tomorrow. Please check.,0
You have won a lucky draw. Send your bank details for prize transfer. Verify now.,1
Your internship interview is scheduled for Wednesday. Please confirm.,0
Your scholarship application has been received by the college.,0
Your food order has been delivered. Let me know when you are free.,0
Your appointment is confirmed for tomorrow at 11 AM. Let me know when you are free.,0
Your insurance refund is ready. Provide your UPI PIN for transfer.,1
ನಿಮ್ಮ ಆರ್ಡರ್ ನಾಳೆ ಡೆಲಿವರಿ ಆಗಲಿದೆ. See you then. Please use the official app to check.,0
I will meet you near the college gate at 5 PM. Please confirm.,0
"Congratulations! You have won ₹75,000. Pay the processing fee to claim your prize. Do not delay. Please use the official app to check.",1
You won a festival gift voucher. Pay ₹99 to unlock your reward. Do not delay. Please use the official app to check.,1
Your parcel is held at customs. Pay the clearance charge to receive delivery. Act now.,1
Your UPI account is locked. Enter your PIN to reactivate it. Failure to act may block the service. Please use the official app to check.,1
Your mobile recharge refund failed. Enter your UPI PIN for a refund. Do this immediately. Please use the official app to check.,1
URGENT: Your bank account will be suspended today. Verify your details immediately. Do not delay.,1
You won a festival gift voucher. Pay ₹99 to unlock your reward. Do this immediately. Please use the official app to check.,1
CBI Notice: You are under investigation. Video call required immediately.,1
"Congratulations! You have won ₹75,000. Pay the processing fee to claim your prize. Failure to act may block the service.",1
The assignment deadline has been extended by two days.,0
आपका टिकट सफलतापूर्वक बुक हो गया है। Please use the official app to check.,0
Your electricity bill is due on the 20th. Let me know when you are free. Please use the official app to check.,0
Your KYC update failed. Send Aadhaar OTP to complete it.,1
You have won a lucky draw. Send your bank details for prize transfer. Failure to act may block the service. Please use the official app to check.,1
Your payment receipt is available in the official app. Let me know when you are free. Please use the official app to check.,0
I will meet you near the college gate at 5 PM. Thank you.,0
ನಿಮ್ಮ ಪಾವತಿ ಯಶಸ್ವಿಯಾಗಿ ಪೂರ್ಣಗೊಂಡಿದೆ. Thank you. Please use the official app to check.,0
Suspicious transaction detected. Call this number immediately to secure your bank account. Verify now. Please use the official app to check.,1
Your electricity connection will be disconnected tonight. Pay the pending bill now. Complete this within one hour. Please use the official app to check.,1
The hotel reservation is confirmed for Saturday.,0
Your SIM card has been reported for illegal activity. Call immediately.,1
You won a festival gift voucher. Pay ₹99 to unlock your reward. Failure to act may block the service.,1
You are eligible for a ₹3 lakh instant loan. Pay the verification fee first. Complete this within one hour. Please use the official app to check.,1
Earn money by reviewing products. First deposit Rs 1000 to start.,1
I reached college safely. I will call after class. Let me know when you are free. Please use the official app to check.,0
Your Aadhaar verification failed. Send OTP to complete verification.,1
You are selected for a government job. Pay document verification fee.,1
Please check the college portal for the exam timetable. Please check. Please use the official app to check.,0
You won a festival gift voucher. Pay ₹99 to unlock your reward. Verify now.,1
Your insurance bonus is ready. Click here and enter your card details. Verify now.,1
The assignment feedback has been uploaded.,0
"Your bank account was credited with Rs 2,000.",0
Your Aadhaar will be blocked unless you update your details today.,1
The teacher uploaded the assignment instructions. See you then.,0
Your electricity bill is due on the 20th. Thank you.,0
Your KYC has expired. Click the verification link to keep your account active. Do not delay. Please use the official app to check.,1
Your library book is due next Monday. Please check.,0
You have been shortlisted for a work-from-home job. Pay the registration fee to start. Do not delay.,1
Your WhatsApp account will be blocked. Verify your account immediately. Act now.,1
इनकम टैक्स रिफंड पाने के लिए बैंक की जानकारी इस लिंक पर भरें। Act now. Please use the official app to check.,1
ನಾಳೆ ಸಂಜೆ 4 ಗಂಟೆಗೆ ಮೀಟಿಂಗ್ ಇದೆ. Let me know when you are free.,0
ನಿಮ್ಮ ಪಾರ್ಸೆಲ್ ಕಸ್ಟಮ್ಸ್‌ನಲ್ಲಿ ನಿಂತಿದೆ. ಡೆಲಿವರಿಗಾಗಿ ಶುಲ್ಕ ಪಾವತಿಸಿ. Do this immediately. Please use the official app to check.,1
Your payment receipt is available in the official app. Please confirm.,0
Can you pick me up from college?,0
Your mobile number is linked to a suspicious account. Call us now.,1
Can you send me the project presentation? Please check.,0
The exam timetable has been uploaded to the college website.,0
Your train ticket booking is confirmed. Thank you. Please use the official app to check.,0
ನಾಳೆ ಸಂಜೆ 4 ಗಂಟೆಗೆ ಮೀಟಿಂಗ್ ಇದೆ. Let me know when you are free. Please use the official app to check.,0
Your tax refund is waiting. Submit bank account details through this link.,1
Your UPI transaction failed. Enter your PIN to receive the refund.,1
Can you bring my charger tomorrow?,0
"Work from home opportunity. Earn Rs 10,000 weekly. Deposit Rs 2,000 first.",1
Please check the college portal for the exam timetable. Please confirm.,0
URGENT: Your bank account will be suspended today. Verify your details immediately. Do this immediately. Please use the official app to check.,1
Can you explain question 5 from today's class?,0
"बधाई हो! आपने ₹50,000 की लॉटरी जीती है। इनाम लेने के लिए शुल्क जमा करें। Act now. Please use the official app to check.",1
Get a guaranteed government loan with zero documents. Pay application fee.,1
Your credit card reward points expire today. Click here to redeem them. Do this immediately.,1
Your UPI refund is waiting. Approve the payment request to receive the money. Do this immediately.,1
You have won a lucky draw. Send your bank details for prize transfer. Complete this within one hour.,1
कृपया असाइनमेंट शुक्रवार तक जमा कर दें। Please use the official app to check.,0
Your electricity bill is due on the 20th.,0
I will meet you near the college gate at 5 PM. Please check. Please use the official app to check.,0
Your online banking password has expired. Confirm your password through this link. Complete this within one hour.,1
Your project review is scheduled for Thursday.,0
The college event begins at 3 PM.,0
"मैं कॉलेज पहुंच गई हूं, क्लास के बाद फोन करूंगी। Check the message carefully.",0
Your appointment is confirmed for tomorrow at 11 AM. See you then.,0
Can you send me the notes from today's class?,0
Your SIM card will be deactivated. Complete KYC using this link. Complete this within one hour. Please use the official app to check.,1
Congratulations! You've won Rs 50000 lottery. Claim now.,1
Your train ticket booking is confirmed. Please confirm. Please use the official app to check.,0
Government scheme benefit available. Pay registration fee today.,1
Your KYC has expired. Click the verification link to keep your account active. Do this immediately. Please use the official app to check.,1
Electricity subsidy approved. Click here and enter your bank details.,1
Your train ticket booking is confirmed. Let me know when you are free.,0
The college seminar starts at 10 AM in the auditorium. Thank you. Please use the official app to check.,0
Your order has been shipped and will arrive tomorrow. Let me know when you are free.,0
Your income tax refund is pending. Enter your bank details to receive it. Act now.,1
Limited-time loan offer. No documents required. Pay processing charge.,1
Your SIM card will be deactivated. Complete KYC using this link. Verify now.,1
Your UPI refund is waiting. Approve the payment request to receive the money. Verify now.,1
Your income tax refund is pending. Enter your bank details to receive it. Do this immediately.,1
Income Tax Department refund pending. Click link to claim refund.,1
You are eligible for a ₹3 lakh instant loan. Pay the verification fee first. Verify now.,1
Your credit card reward points expire today. Click here to redeem them. Verify now. Please use the official app to check.,1
Your debit card has been used suspiciously. Share the OTP to block the transaction. Verify now.,1
Your account password was changed successfully.,0
The workshop registration is confirmed. Please confirm. Please use the official app to check.,0
The project meeting has been moved to Monday. Let me know when you are free.,0
Your food order has been delivered. Please check.,0
Your order has been shipped and will arrive tomorrow. Please confirm.,0
Police notice: legal action has been initiated against your number. Contact us immediately. Verify now. Please use the official app to check.,1
Your salary has been credited to your account. Let me know when you are free. Please use the official app to check.,0
Please remind me to bring the project file.,0
Your hotel reservation is confirmed for Saturday. Thank you.,0
Your food order has been delivered. Please confirm.,0
You have won a festival gift voucher. Pay Rs 99 to unlock it.,1
The teacher uploaded the assignment instructions. Please confirm.,0
Your food order has been delivered. See you then. Please use the official app to check.,0
"घर बैठे ₹5,000 रोज कमाएं। नौकरी शुरू करने के लिए पहले रजिस्ट्रेशन फीस दें। Act now. Please use the official app to check.",1
You have won a lucky draw. Send your bank details for prize transfer.,1
Suspicious transaction detected. Call this number immediately to secure your bank account. Do this immediately.,1
The project meeting has been moved to Monday. Please check.,0
Your payment receipt is available in the app.,0
आपका बैंक खाता संदिग्ध गतिविधि के कारण ब्लॉक होगा। तुरंत OTP बताएं। Act now.,1
Your bus pass renewal request was received.,0
You have been shortlisted for a work-from-home job. Pay the registration fee to start. Do this immediately. Please use the official app to check.,1
"कल की मीटिंग शाम 4 बजे है, कृपया समय पर आना। Please use the official app to check.",0
Your internship interview is scheduled for Wednesday. Please use the official app to check.,0
Police notice: legal action has been initiated against your number. Contact us immediately. Do this immediately.,1
Your UPI account is locked. Enter your PIN to reactivate it. Do not delay.,1
Your cab has arrived at the pickup point.,0
"You have won Rs 25,000. Claim your prize before midnight.",1
आपका बैंक खाता संदिग्ध गतिविधि के कारण ब्लॉक होगा। तुरंत OTP बताएं। Act now. Please use the official app to check.,1
Your UPI payment is pending. Approve the request to cancel it.,1
Your train ticket booking is confirmed. See you then.,0
Your KYC has expired. Click the verification link to keep your account active. Act now.,1
Your SIM card will be deactivated. Complete KYC using this link. Failure to act may block the service. Please use the official app to check.,1
Your internship interview is scheduled for Wednesday. Let me know when you are free.,0
Your Amazon order is out for delivery.,0
"Dear user, your account will be suspended. Confirm your password.",1
Your account has won a cashback bonus. Click to collect it.,1
Your order has been shipped and will arrive tomorrow. Please use the official app to check.,0
Your UPI refund is waiting. Approve the payment request to receive the money. Act now.,1
ಇಂದಿನ ಕ್ಲಾಸ್‌ನ ನೋಟ್ಸ್ ಕಳುಹಿಸಬಹುದಾ? Please check. Please use the official app to check.,0
Your bank account is eligible for a reward. Verify card details now.,1
Your electricity connection will be disconnected tonight at 9:30 PM. Contact billing dept immediately.,1
Your parcel is held at customs. Pay Rs 250 to release it: track-parcel.info,1
"Dear user, your SBI account has been temporarily suspended. Verify KYC now to avoid permanent block.",1
"You have been selected for a pre-approved personal loan of Rs 5,00,000. Apply now, no documents required.",1
Your Aadhaar card will be deactivated in 24 hours. Link your mobile number now via this link.,1
Work from home and earn Rs 3000 daily. Just like and subscribe to YouTube videos. Join our Telegram.,1
"Your credit card has been charged Rs 24999. If this wasn't you, call our helpline immediately.",1
"Income Tax refund of Rs 15,750 is pending. Submit your bank details to claim.",1
"Hi, I am a customs officer. Your package containing gold jewellery is stuck. Pay duty to release.",1
Your WhatsApp will be deactivated today. Forward this message to 10 contacts to avoid deactivation.,1
Get a free iPhone 15! You are the lucky winner of our anniversary contest. Click to claim.,1
Your SIM card will be blocked in 2 hours due to KYC non-compliance. Update now: sim-kyc-update.com,1
"Dear investor, double your money in 7 days with our guaranteed crypto trading plan. Limited slots.",1
"Your PF account shows unclaimed balance of Rs 89,000. Withdraw now by verifying your details.",1
This is Delhi Police cybercrime cell. A case has been registered against your Aadhaar. Call immediately.,1
You've been shortlisted for an interview. Pay Rs 500 registration fee to confirm your slot.,1
Your Netflix subscription payment failed. Update your card details to continue watching.,1
"Congratulations, your mobile number has won Rs 25,00,000 in the KBC lucky draw. Contact our manager.",1
Your account will be permanently closed. Verify your PAN card details within 24 hours.,1
URGENT: Unusual login detected on your account. Verify your identity now or lose access.,1
"Dear customer, we could not deliver your Amazon package. Reschedule and pay Rs 49 redelivery fee.",1
Your loan EMI is overdue. Pay immediately or legal action will be taken against you tomorrow.,1
"Hi dear, I am a US Army officer looking for a genuine life partner. Can we talk?",1
Your health insurance policy is about to lapse. Renew now to avoid losing coverage benefits.,1
Free recharge of Rs 599 for all Jio users! Click the link before offer expires today.,1
Your bank has flagged suspicious activity. Share the OTP sent to your phone to secure your account.,1
"Job offer: Data entry work, earn Rs 25000/month from home. No experience needed. Registration fee Rs 999.",1
You have an outstanding traffic challan of Rs 2000. Pay online now to avoid court summons.,1
"Dear sir, this is your relationship manager. Your FD is maturing, share OTP to process renewal.",1
"Get instant personal loan up to 10 lakhs at 0% interest. Apply now, approval in 5 minutes.",1
Your Google Pay account has been blocked due to policy violation. Verify to reactivate.,1
Attention: Your voter ID needs updating before elections. Click link to avoid cancellation.,1
Limited time offer! Invest Rs 10000 and get Rs 50000 in 30 days guaranteed returns.,1
Your Flipkart order refund of Rs 3499 is stuck. Click to claim your refund immediately.,1
Warning: your number will be barred by TRAI for spam complaints. Verify to avoid disconnection.,1
आपका KYC आज समाप्त हो रहा है। तुरंत अपडेट करें: bit.ly/xyz123,1
बधाई हो! आपने 50000 रुपये की लॉटरी जीती है। अभी क्लेम करें।,1
आपका बैंक खाता आज ब्लॉक कर दिया जाएगा। तुरंत इस नंबर पर कॉल करें।,1
सीबीआई नोटिस: आपके खिलाफ जांच चल रही है। तुरंत वीडियो कॉल करें।,1
"प्रिय ग्राहक, आपका UPI पिन दोबारा वेरीफाई करना जरूरी है। यहां क्लिक करें।",1
आपका बिजली कनेक्शन आज रात 9:30 बजे काट दिया जाएगा। तुरंत बिलिंग विभाग से संपर्क करें।,1
आपका पार्सल कस्टम्स में रुका हुआ है। इसे छुड़ाने के लिए 250 रुपये भेजें।,1
"प्रिय उपयोगकर्ता, आपका खाता अस्थायी रूप से निलंबित कर दिया गया है। अभी केवाईसी वेरीफाई करें।",1
आपको 5 लाख रुपये का प्री-अप्रूव्ड पर्सनल लोन मिला है। बिना किसी दस्तावेज के अभी आवेदन करें।,1
आपका आधार कार्ड 24 घंटे में निष्क्रिय हो जाएगा। इस लिंक से अपना मोबाइल नंबर लिंक करें।,1
घर बैठे रोज 3000 रुपये कमाएं। बस यूट्यूब वीडियो लाइक और सब्सक्राइब करें। हमारे टेलीग्राम से जुड़ें।,1
आपके क्रेडिट कार्ड से 24999 रुपये कटे हैं। अगर यह आपने नहीं किया तो हमारी हेल्पलाइन पर कॉल करें।,1
"आपका 15,750 रुपये का इनकम टैक्स रिफंड बकाया है। क्लेम करने के लिए बैंक विवरण भेजें।",1
"मैं कस्टम अधिकारी बोल रहा हूं। आपके पार्सल में सोने के गहने हैं, ड्यूटी भरें तभी रिलीज होगा।",1
आपका व्हाट्सऐप आज बंद हो जाएगा। इसे रोकने के लिए यह मैसेज 10 लोगों को फॉरवर्ड करें।,1
मुफ्त आईफोन 15 पाएं! आप हमारी एनिवर्सरी प्रतियोगिता के लुकी विजेता हैं। क्लेम के लिए क्लिक करें।,1
केवाईसी न होने के कारण आपका सिम कार्ड 2 घंटे में ब्लॉक हो जाएगा। अभी अपडेट करें।,1
"प्रिय निवेशक, हमारे गारंटीड क्रिप्टो ट्रेडिंग प्लान से 7 दिनों में अपना पैसा दोगुना करें।",1
"आपके पीएफ खाते में 89,000 रुपये का अनक्लेम्ड बैलेंस है। विवरण वेरीफाई करके निकालें।",1
यह दिल्ली पुलिस साइबर क्राइम सेल है। आपके आधार पर केस दर्ज हुआ है। तुरंत कॉल करें।,1
आपको इंटरव्यू के लिए शॉर्टलिस्ट किया गया है। अपना स्लॉट कन्फर्म करने के लिए 500 रुपये फीस भरें।,1
"बधाई हो, आपके मोबाइल नंबर ने केबीसी लकी ड्रा में 25 लाख रुपये जीते हैं। हमारे मैनेजर से संपर्क करें।",1
आपका बैंक खाता स्थायी रूप से बंद हो जाएगा। 24 घंटे में अपना पैन कार्ड विवरण वेरीफाई करें।,1
जरूरी: आपके खाते में असामान्य लॉगिन पाया गया। अभी अपनी पहचान वेरीफाई करें वरना एक्सेस खो देंगे।,1
आपका लोन ईएमआई बकाया है। तुरंत भुगतान करें वरना कल कानूनी कार्रवाई की जाएगी।,1
आपकी हेल्थ इंश्योरेंस पॉलिसी जल्द खत्म हो रही है। कवरेज बनाए रखने के लिए अभी रिन्यू करें।,1
आपके गूगल पे खाते को पॉलिसी उल्लंघन के कारण ब्लॉक कर दिया गया है। रिएक्टिवेट करने के लिए वेरीफाई करें।,1
रुपये 10000 निवेश करें और 30 दिनों में 50000 रुपये की गारंटीड कमाई पाएं।,1
ನಿಮ್ಮ KYC ಇಂದು ಮುಗಿಯುತ್ತದೆ. ತಕ್ಷಣ ಅಪ್‌ಡೇಟ್ ಮಾಡಿ: bit.ly/xyz123,1
ಅಭಿನಂದನೆಗಳು! ನೀವು 50000 ರೂ. ಲಾಟರಿ ಗೆದ್ದಿದ್ದೀರಿ. ಈಗಲೇ ಕ್ಲೈಮ್ ಮಾಡಿ.,1
ನಿಮ್ಮ ಬ್ಯಾಂಕ್ ಖಾತೆಯನ್ನು ಇಂದು ಬ್ಲಾಕ್ ಮಾಡಲಾಗುತ್ತದೆ. ಈ ಸಂಖ್ಯೆಗೆ ತಕ್ಷಣ ಕರೆ ಮಾಡಿ.,1
ಸಿಬಿಐ ಸೂಚನೆ: ನಿಮ್ಮ ವಿರುದ್ಧ ತನಿಖೆ ನಡೆಯುತ್ತಿದೆ. ತಕ್ಷಣ ವಿಡಿಯೋ ಕಾಲ್ ಮಾಡಿ.,1
"ಪ್ರಿಯ ಗ್ರಾಹಕರೇ, ನಿಮ್ಮ UPI ಪಿನ್ ಮರು-ಪರಿಶೀಲನೆ ಅಗತ್ಯವಿದೆ. ಇಲ್ಲಿ ಕ್ಲಿಕ್ ಮಾಡಿ.",1
ನಿಮ್ಮ ವಿದ್ಯುತ್ ಸಂಪರ್ಕವನ್ನು ಇಂದು ರಾತ್ರಿ 9:30ಕ್ಕೆ ಕಡಿತಗೊಳಿಸಲಾಗುತ್ತದೆ. ತಕ್ಷಣ ಸಂಪರ್ಕಿಸಿ.,1
ನಿಮ್ಮ ಪಾರ್ಸೆಲ್ ಕಸ್ಟಮ್ಸ್‌ನಲ್ಲಿ ಸಿಲುಕಿದೆ. ಬಿಡುಗಡೆಗೆ 250 ರೂ. ಪಾವತಿಸಿ.,1
"ಪ್ರಿಯ ಬಳಕೆದಾರರೇ, ನಿಮ್ಮ ಖಾತೆಯನ್ನು ತಾತ್ಕಾಲಿಕವಾಗಿ ಅಮಾನತುಗೊಳಿಸಲಾಗಿದೆ. ಈಗಲೇ KYC ಪರಿಶೀಲಿಸಿ.",1
ನಿಮಗೆ 5 ಲಕ್ಷ ರೂ. ಪೂರ್ವ-ಅನುಮೋದಿತ ವೈಯಕ್ತಿಕ ಸಾಲ ಸಿಕ್ಕಿದೆ. ಡಾಕ್ಯುಮೆಂಟ್ ಇಲ್ಲದೆ ಈಗಲೇ ಅರ್ಜಿ ಸಲ್ಲಿಸಿ.,1
ನಿಮ್ಮ ಆಧಾರ್ ಕಾರ್ಡ್ 24 ಗಂಟೆಗಳಲ್ಲಿ ನಿಷ್ಕ್ರಿಯಗೊಳ್ಳುತ್ತದೆ. ಈ ಲಿಂಕ್ ಮೂಲಕ ಮೊಬೈಲ್ ಲಿಂಕ್ ಮಾಡಿ.,1
ಮನೆಯಿಂದಲೇ ಪ್ರತಿದಿನ 3000 ರೂ. ಗಳಿಸಿ. ಯೂಟ್ಯೂಬ್ ವಿಡಿಯೋಗಳನ್ನು ಲೈಕ್ ಮಾಡಿ ಸಬ್ಸ್ಕ್ರೈಬ್ ಮಾಡಿ.,1
ನಿಮ್ಮ ಕ್ರೆಡಿಟ್ ಕಾರ್ಡ್‌ನಿಂದ 24999 ರೂ. ಕಡಿತಗೊಂಡಿದೆ. ಇದು ನೀವಲ್ಲದಿದ್ದರೆ ತಕ್ಷಣ ಕರೆ ಮಾಡಿ.,1
"ನಿಮ್ಮ 15,750 ರೂ. ಆದಾಯ ತೆರಿಗೆ ಮರುಪಾವತಿ ಬಾಕಿ ಇದೆ. ಕ್ಲೈಮ್ ಮಾಡಲು ಬ್ಯಾಂಕ್ ವಿವರ ಕಳುಹಿಸಿ.",1
ನಿಮ್ಮ ವಾಟ್ಸಾಪ್ ಇಂದು ನಿಷ್ಕ್ರಿಯಗೊಳ್ಳುತ್ತದೆ. ತಡೆಯಲು ಈ ಸಂದೇಶವನ್ನು 10 ಜನರಿಗೆ ಫಾರ್ವರ್ಡ್ ಮಾಡಿ.,1
ಉಚಿತ ಐಫೋನ್ 15 ಪಡೆಯಿರಿ! ನೀವು ನಮ್ಮ ವಾರ್ಷಿಕೋತ್ಸವ ಸ್ಪರ್ಧೆಯ ಅದೃಷ್ಟ ವಿಜೇತರು.,1
KYC ಪೂರ್ಣಗೊಳಿಸದ ಕಾರಣ ನಿಮ್ಮ ಸಿಮ್ ಕಾರ್ಡ್ 2 ಗಂಟೆಗಳಲ್ಲಿ ಬ್ಲಾಕ್ ಆಗುತ್ತದೆ.,1
"ಪ್ರಿಯ ಹೂಡಿಕೆದಾರರೇ, ನಮ್ಮ ಗ್ಯಾರಂಟಿ ಕ್ರಿಪ್ಟೋ ಯೋಜನೆಯಲ್ಲಿ 7 ದಿನಗಳಲ್ಲಿ ಹಣ ದ್ವಿಗುಣಗೊಳಿಸಿ.",1
ಇದು ಸೈಬರ್ ಕ್ರೈಂ ಸೆಲ್. ನಿಮ್ಮ ಆಧಾರ್ ಮೇಲೆ ಪ್ರಕರಣ ದಾಖಲಾಗಿದೆ. ತಕ್ಷಣ ಕರೆ ಮಾಡಿ.,1
ನಿಮ್ಮ ಬ್ಯಾಂಕ್ ಖಾತೆ ಶಾಶ್ವತವಾಗಿ ಮುಚ್ಚಲ್ಪಡುತ್ತದೆ. 24 ಗಂಟೆಗಳಲ್ಲಿ ಪ್ಯಾನ್ ಕಾರ್ಡ್ ವಿವರ ಪರಿಶೀಲಿಸಿ.,1
10000 ರೂ. ಹೂಡಿಕೆ ಮಾಡಿ 30 ದಿನಗಳಲ್ಲಿ 50000 ರೂ. ಗ್ಯಾರಂಟಿ ಆದಾಯ ಪಡೆಯಿರಿ.,1
"Hi amma, I reached college safely, will call after class",0
"Meeting shifted to 4pm tomorrow, please confirm",0
Don't forget to pick up milk on your way home,0
Happy birthday! Hope you have a wonderful day,0
What time does the movie start tonight?,0
"I'll be 10 minutes late for the appointment, sorry",0
Can we reschedule our call to Monday morning?,0
"Thanks for the recipe, the biryani turned out great",0
"Mom, I'll be staying late at the library today",0
Let's meet at the coffee shop near the station at 5,0
Please find attached the report you asked for yesterday,0
The plumber is coming tomorrow between 10 and 12,0
How was your exam? Hope it went well,0
"I forgot my umbrella at your place, can I collect it tomorrow?",0
"Traffic is bad, will reach office by 9:45",0
Your Amazon order has been shipped and will arrive Thursday,0
Reminder: dentist appointment tomorrow at 3pm,0
Can you help me move some boxes this weekend?,0
"Great catching up with you today, let's do it again soon",0
"The wifi password is on the router, second row",0
"I've booked the tickets for Friday's show, sending you the confirmation",0
"Dad's flight lands at 6, can someone pick him up from the airport",0
Let me know if you're free for lunch tomorrow,0
"Just finished the workout, heading home now",0
The project deadline has been extended to next Friday,0
Can you proofread this email before I send it to the client?,0
Grandma is asking when you're visiting next,0
I left the keys with the security guard downstairs,0
"Your OTP for login is 482913, do not share this with anyone",0
Your electricity bill of Rs 1240 for this month is now available to view in the app,0
See you at the gym at 7am tomorrow,0
The teacher said the assignment is due next Wednesday,0
Can you drop me at the metro station in the morning?,0
"I've sent the payment for the rent, please confirm receipt",0
Let's plan the trip itinerary this weekend,0
"The doctor said the reports are normal, nothing to worry",0
Please bring your ID card for tomorrow's exam,0
"Our flight got delayed by an hour, will update you",0
Thanks for helping me with the move last weekend,0
"मम्मी, मैं कॉलेज सुरक्षित पहुंच गया हूं, क्लास के बाद कॉल करूंगा",0
"मीटिंग कल शाम 4 बजे कर दी गई है, कृपया कन्फर्म करें",0
क्या आप मुझे आज की क्लास के नोट्स भेज सकते हैं?,0
घर आते समय दूध लेना मत भूलना,0
जन्मदिन मुबारक हो! आपका दिन शानदार रहे,0
आज रात फिल्म कितने बजे शुरू होगी?,0
"मुझे अपॉइंटमेंट के लिए 10 मिनट देर हो जाएगी, माफ करना",0
क्या हम अपनी कॉल सोमवार सुबह में शिफ्ट कर सकते हैं?,0
"रेसिपी के लिए धन्यवाद, बिरयानी बहुत अच्छी बनी",0
"मां, आज मैं लाइब्रेरी में देर तक रुकूंगा",0
चलो स्टेशन के पास कॉफी शॉप में 5 बजे मिलते हैं,0
कृपया कल आपने जो रिपोर्ट मांगी थी वह अटैच है,0
प्लंबर कल 10 से 12 के बीच आ रहा है,0
तुम्हारा एग्जाम कैसा रहा? उम्मीद है अच्छा गया होगा,0
"मैं अपनी छतरी तुम्हारे घर भूल आया, क्या कल ले लूं?",0
"ट्रैफिक बहुत है, मैं 9:45 तक ऑफिस पहुंचूंगा",0
याद दिलाना: कल दोपहर 3 बजे डेंटिस्ट अपॉइंटमेंट है,0
क्या तुम इस वीकेंड कुछ बॉक्स शिफ्ट करने में मदद कर सकते हो?,0
"आज तुमसे मिलकर अच्छा लगा, जल्दी फिर मिलते हैं",0
"वाईफाई पासवर्ड राउटर पर लिखा है, दूसरी लाइन में",0
मैंने शुक्रवार के शो के टिकट बुक कर दिए हैं,0
"पापा की फ्लाइट 6 बजे लैंड होगी, कोई एयरपोर्ट से ले आएगा?",0
क्या तुम कल लंच के लिए फ्री हो?,0
"अभी वर्कआउट खत्म किया, घर जा रहा हूं",0
प्रोजेक्ट की डेडलाइन अगले शुक्रवार तक बढ़ा दी गई है,0
दादी पूछ रही हैं कि तुम अगली बार कब आओगे,0
मैंने चाबियां नीचे सिक्योरिटी गार्ड के पास रख दी हैं,0
"डॉक्टर ने कहा रिपोर्ट्स नॉर्मल हैं, चिंता की बात नहीं",0
कल के एग्जाम के लिए अपना आईडी कार्ड जरूर लाना,0
"हमारी फ्लाइट एक घंटे लेट हो गई है, बताता रहूंगा",0
"ಅಮ್ಮಾ, ನಾನು ಕಾಲೇಜಿಗೆ ಸುರಕ್ಷಿತವಾಗಿ ತಲುಪಿದೆ, ಕ್ಲಾಸ್ ನಂತರ ಕರೆ ಮಾಡುತ್ತೇನೆ",0
"ಸಭೆಯನ್ನು ನಾಳೆ ಸಂಜೆ 4 ಗಂಟೆಗೆ ಬದಲಾಯಿಸಲಾಗಿದೆ, ದಯವಿಟ್ಟು ಖಚಿತಪಡಿಸಿ",0
ಇಂದಿನ ಕ್ಲಾಸ್ ನೋಟ್ಸ್ ಕಳುಹಿಸಬಹುದೇ?,0
ಮನೆಗೆ ಬರುವಾಗ ಹಾಲು ತರಲು ಮರೆಯಬೇಡ,0
ಹುಟ್ಟುಹಬ್ಬದ ಶುಭಾಶಯಗಳು! ನಿಮ್ಮ ದಿನ ಸುಂದರವಾಗಿರಲಿ,0
ಇಂದು ರಾತ್ರಿ ಸಿನಿಮಾ ಎಷ್ಟು ಗಂಟೆಗೆ ಶುರುವಾಗುತ್ತದೆ?,0
"ಅಪಾಯಿಂಟ್‌ಮೆಂಟ್‌ಗೆ 10 ನಿಮಿಷ ತಡವಾಗುತ್ತದೆ, ಕ್ಷಮಿಸಿ",0
ನಮ್ಮ ಕರೆಯನ್ನು ಸೋಮವಾರ ಬೆಳಿಗ್ಗೆಗೆ ಬದಲಾಯಿಸೋಣವೇ?,0
"ರೆಸಿಪಿಗೆ ಧನ್ಯವಾದಗಳು, ಬಿರಿಯಾನಿ ಚೆನ್ನಾಗಿ ಬಂತು",0
"ಅಮ್ಮ, ಇಂದು ನಾನು ಲೈಬ್ರರಿಯಲ್ಲಿ ತಡವಾಗಿ ಇರುತ್ತೇನೆ",0
ಸ್ಟೇಷನ್ ಹತ್ತಿರದ ಕಾಫಿ ಶಾಪ್‌ನಲ್ಲಿ 5 ಗಂಟೆಗೆ ಸಿಗೋಣ,0
ನೀವು ನಿನ್ನೆ ಕೇಳಿದ ವರದಿಯನ್ನು ಲಗತ್ತಿಸಲಾಗಿದೆ,0
ಪ್ಲಂಬರ್ ನಾಳೆ 10 ರಿಂದ 12 ರ ನಡುವೆ ಬರುತ್ತಾರೆ,0
ನಿಮ್ಮ ಪರೀಕ್ಷೆ ಹೇಗಿತ್ತು? ಚೆನ್ನಾಗಿ ಆಗಿರಬಹುದು ಎಂದು ಭಾವಿಸುತ್ತೇನೆ,0
"ನನ್ನ ಛತ್ರಿಯನ್ನು ನಿಮ್ಮ ಮನೆಯಲ್ಲಿ ಮರೆತಿದ್ದೇನೆ, ನಾಳೆ ತೆಗೆದುಕೊಳ್ಳಬಹುದೇ?",0
"ಟ್ರಾಫಿಕ್ ತುಂಬಾ ಇದೆ, 9:45ಕ್ಕೆ ಆಫೀಸ್ ತಲುಪುತ್ತೇನೆ",0
ನೆನಪಿಡಿ: ನಾಳೆ ಮಧ್ಯಾಹ್ನ 3ಕ್ಕೆ ದಂತ ವೈದ್ಯರ ಅಪಾಯಿಂಟ್‌ಮೆಂಟ್,0
ಈ ವಾರಾಂತ್ಯ ಕೆಲವು ಬಾಕ್ಸ್‌ಗಳನ್ನು ಶಿಫ್ಟ್ ಮಾಡಲು ಸಹಾಯ ಮಾಡುವಿರಾ?,0
"ಇಂದು ನಿಮ್ಮನ್ನು ಭೇಟಿಯಾಗಿದ್ದು ಚೆನ್ನಾಗಿತ್ತು, ಮತ್ತೆ ಸಿಗೋಣ",0
"ವೈಫೈ ಪಾಸ್‌ವರ್ಡ್ ರೂಟರ್ ಮೇಲೆ ಬರೆದಿದೆ, ಎರಡನೇ ಸಾಲಿನಲ್ಲಿ",0
ಶುಕ್ರವಾರದ ಷೋಗೆ ಟಿಕೆಟ್ ಬುಕ್ ಮಾಡಿದ್ದೇನೆ,0
"ಅಪ್ಪನ ಫ್ಲೈಟ್ 6ಕ್ಕೆ ಲ್ಯಾಂಡ್ ಆಗುತ್ತದೆ, ಯಾರಾದರೂ ಏರ್‌ಪೋರ್ಟ್‌ಗೆ ಹೋಗಬಹುದೇ?",0
ನಾಳೆ ಊಟಕ್ಕೆ ಫ್ರೀ ಇದ್ದೀರಾ?,0
"ಈಗ ವರ್ಕೌಟ್ ಮುಗಿಸಿದೆ, ಮನೆಗೆ ಹೊರಡುತ್ತಿದ್ದೇನೆ",0
ಪ್ರಾಜೆಕ್ಟ್ ಡೆಡ್‌ಲೈನ್ ಮುಂದಿನ ಶುಕ್ರವಾರಕ್ಕೆ ವಿಸ್ತರಿಸಲಾಗಿದೆ,0
ಅಜ್ಜಿ ಕೇಳುತ್ತಿದ್ದಾರೆ ನೀವು ಮುಂದಿನ ಬಾರಿ ಯಾವಾಗ ಬರುತ್ತೀರಿ ಎಂದು,0
ನಾನು ಕೀಗಳನ್ನು ಕೆಳಗಿನ ಸೆಕ್ಯುರಿಟಿ ಗಾರ್ಡ್ ಬಳಿ ಇಟ್ಟಿದ್ದೇನೆ,0
"ವೈದ್ಯರು ಹೇಳಿದ್ದಾರೆ ವರದಿಗಳು ಸಾಮಾನ್ಯವಾಗಿವೆ, ಚಿಂತೆ ಇಲ್ಲ",0
ನಾಳಿನ ಪರೀಕ್ಷೆಗೆ ನಿಮ್ಮ ಐಡಿ ಕಾರ್ಡ್ ತರಲು ಮರೆಯಬೇಡಿ,0
"Your OTP for transaction of Rs 2,500 at Big Bazaar is 738291. Valid for 10 minutes. Do not share with anyone.",0
"Dear customer, Rs 4,500 has been debited from your account for your electricity bill payment. Avl bal: Rs 12,340.",0
Your Swiggy order #4521 has been delivered. Enjoy your meal!,0
"Your Zomato order is out for delivery, arriving in 15 mins.",0
"Dear Customer, your SBI a/c is credited with Rs 25,000 salary on 01-Aug. Avl Bal Rs 48,210.",0
Your Amazon package will be delivered today between 2pm-6pm by our delivery partner.,0
"Reminder: Your credit card bill of Rs 8,450 is due on 20th Aug. Minimum due Rs 850.",0
Your PNR 4521369870 is confirmed. Train departs at 22:15 from platform 4.,0
Your appointment with Dr. Sharma is confirmed for tomorrow at 11:30 AM at City Hospital.,0
Your mobile recharge of Rs 239 was successful. Validity extended till 15th Sep.,0
Thank you for shopping with us. Your invoice has been emailed to you.,0
Your booking at Hotel Grand Palace is confirmed for check-in on 12th Sep.,0
Your LPG cylinder booking is confirmed. Delivery expected within 2 days.,0
"Dear parent, PTA meeting scheduled for Saturday 10am in the school auditorium.",0
Your salary slip for the month of July has been uploaded to the HR portal.,0
Your flight AI 202 is delayed by 45 minutes. New departure time is 18:20.,0
"Your prescription is ready for pickup at Apollo Pharmacy, MG Road.",0
Society maintenance for this month is due by 5th. Please pay via the app.,0
Your Ola ride has arrived. Driver Ramesh is waiting outside gate 2.,0
"Reminder from your bank: your fixed deposit matures on 30th Sep, will auto-renew unless you visit branch.",0
"Dear Customer, your SBI account KYC is pending. Failure to update within 24hrs will lead to account freeze. Click sbi-kyc-verify.in",1
Your Amazon account has unusual activity. Verify your identity within 12 hours to avoid suspension: amaz0n-verify.net,1
"Rs 49,999 has been debited from your account for a purchase you did not make. If not you, click here to dispute immediately.",1
Your parcel from Amazon could not be delivered due to incomplete address. Update address and pay Rs 20 redelivery fee here.,1
"Dear user, your PF withdrawal request of Rs 45,000 is approved. Share your UAN and OTP to complete transfer.",1
Your bank has issued a new debit card. Confirm your address and CVV to activate before it gets blocked.,1
"IRCTC: Your ticket refund of Rs 1,240 is pending due to incorrect bank details. Update now to receive refund.",1
"Dear customer, your electricity bill payment failed. Your connection will be cut in 3 hours. Pay via link to avoid disconnection.",1
"Your Google account was signed in from a new device. If this wasn't you, verify immediately via this secure link.",1
"Congratulations, your number has been randomly selected for a free health checkup worth Rs 5000. Share your Aadhaar to book.",1
"Your insurance claim of Rs 1,25,000 is approved. Share your bank account and OTP to receive the amount today.",1
This is your telecom provider. Your outgoing calls will be barred tonight due to KYC mismatch. Re-verify at this link.,1
"Dear beneficiary, your PM Kisan installment of Rs 2000 is ready. Confirm your bank account to receive it.",1
Your credit score has dropped. Click here to check for free and fix it instantly before your loan applications are rejected.,1
Final notice: Income tax department has flagged discrepancies in your ITR. Respond within 24 hours or face penalty.,1
